crossover method,score percent
halfway,93.55739482011701
random,93.5951984723435
score based,94.13851390807662
